category_name,source_provider,date,time,text_head,detailed_text,amount
health_and_fitness,Anytime Fitness,2024-10-11,41-13-11,Workout with the Best!,Nike Training Club - Personalized workout plans!,1627
travel,MakeMyTrip,2024-07-25,41-13-11,Fly at Unbeatable Prices!,Expedia - Book your flight now and save ₹4891!,4891
savings_and_investments,Betterment,2024-08-15,41-13-11,Smart Investing Starts Here!,Vanguard offers higher returns on your savings!,1855
chill_trill,Disneyland,2024-06-19,41-13-11,Exciting Adventures Await!,Escape Room challenge - Enter for just ₹878!,878
music_and_entertainment,Netflix,2024-08-30,41-13-11,Your Entertainment Hub!,Spotify Premium now just ₹1978/month!,1978
travel,Expedia,2024-05-07,41-13-11,Your Next Adventure Awaits!,MakeMyTrip offers 30% off on hotels this weekend!,987
beauty_and_apparel,H&M,2024-11-06,41-13-11,Beauty Deals Inside!,Sephora - Get ₹4419 off on skincare today!,4419
education,edX,2025-01-11,41-13-11,Exclusive Learning Discounts!,Udemy - Enroll for ₹3117 only on top courses!,3117
music_and_entertainment,Apple Music,2024-03-04,41-13-11,Music & Movies Galore!,Spotify Premium now just ₹3844/month!,3844
travel,Airbnb,2025-01-01,41-13-11,Exclusive Travel Offers!,MakeMyTrip offers 30% off on hotels this weekend!,3032
home_and_living,Wayfair,2024-05-02,41-13-11,New Arrivals for Your Living Space!,Target has new arrivals! Get the best home essentials!,2534
music_and_entertainment,Apple Music,2024-09-22,41-13-11,Your Entertainment Hub!,Disney+ streaming pass - Get ₹1153 off now!,1153
music_and_entertainment,Spotify,2024-04-29,41-13-11,"Stream More, Pay Less!",Spotify Premium now just ₹3745/month!,3745
savings_and_investments,Fidelity,2024-12-14,41-13-11,Smart Investing Starts Here!,Vanguard offers higher returns on your savings!,3340
misc,Best Buy,2024-06-21,41-13-11,Hidden Gems Just for You!,Etsy has unique handmade crafts for ₹1974!,1974
food_spending,Domino's,2024-05-30,41-13-11,Tasty Treats Await!,McDonald's special deal - Get ₹4904 off on combos!,4904
food_spending,Swiggy,2024-05-08,41-13-11,Delicious Deals Just for You!,Zomato is offering 20% off on your next order!,1551
chill_trill,Universal Studios,2024-05-01,41-13-11,Exciting Adventures Await!,Six Flags is offering unlimited rides at ₹1026!,1026
education,Coursera,2024-04-10,41-13-11,Boost Your Skills!,Udemy - Enroll for ₹3093 only on top courses!,3093
beauty_and_apparel,H&M,2024-03-04,41-13-11,Fashion Trends You Need!,Sephora - Get ₹663 off on skincare today!,663
music_and_entertainment,Amazon Prime,2024-07-20,41-13-11,"Stream More, Pay Less!",Disney+ streaming pass - Get ₹324 off now!,324
food_spending,Uber Eats,2024-12-02,41-13-11,Tasty Treats Await!,Zomato is offering 20% off on your next order!,3104
education,Khan Academy,2024-05-19,41-13-11,Exclusive Learning Discounts!,Udemy - Enroll for ₹3876 only on top courses!,3876
misc,Best Buy,2024-11-21,41-13-11,Hidden Gems Just for You!,Etsy has unique handmade crafts for ₹4961!,4961
home_and_living,Amazon,2024-03-12,41-13-11,New Arrivals for Your Living Space!,Target has new arrivals! Get the best home essentials!,3767
travel,Airbnb,2024-07-17,41-13-11,Fly at Unbeatable Prices!,MakeMyTrip offers 30% off on hotels this weekend!,2160
education,edX,2024-12-20,41-13-11,Enroll Now for Less!,Udemy - Enroll for ₹4112 only on top courses!,4112
education,Khan Academy,2024-07-08,41-13-11,Enroll Now for Less!,Udemy - Enroll for ₹420 only on top courses!,420
home_and_living,Wayfair,2024-08-28,41-13-11,Upgrade Your Home!,Wayfair flash sale - Upgrade your home decor!,2116
music_and_entertainment,Netflix,2024-02-06,41-13-11,Music & Movies Galore!,Netflix binge-watch special at ₹4504 per month!,4504
beauty_and_apparel,Nike,2024-06-12,41-13-11,Beauty Deals Inside!,Sephora - Get ₹4550 off on skincare today!,4550
home_and_living,Target,2024-06-21,41-13-11,New Arrivals for Your Living Space!,Wayfair flash sale - Upgrade your home decor!,434
savings_and_investments,Wealthfront,2024-10-09,41-13-11,Grow Your Wealth!,Invest ₹3750 today and grow your wealth!,3750
home_and_living,Walmart,2024-11-25,41-13-11,Limited Time Home Deals!,Target has new arrivals! Get the best home essentials!,4046
chill_trill,VR World,2024-04-20,41-13-11,Experience Thrill!,Disneyland - Exclusive family passes now available!,2816
beauty_and_apparel,Sephora,2024-12-09,41-13-11,Fashion Trends You Need!,Zara exclusive sale - Fashion at unbeatable prices!,2386
music_and_entertainment,Apple Music,2024-04-23,41-13-11,Your Entertainment Hub!,Spotify Premium now just ₹4215/month!,4215
savings_and_investments,Betterment,2024-07-26,41-13-11,Maximize Your Returns!,Vanguard offers higher returns on your savings!,2443
misc,eBay,2024-05-11,41-13-11,Unbelievable Finds!,Etsy has unique handmade crafts for ₹2357!,2357
savings_and_investments,Fidelity,2024-08-03,41-13-11,Maximize Your Returns!,Robinhood - Start investing with zero commission!,3934
travel,Airbnb,2024-02-06,41-13-11,Your Next Adventure Awaits!,Expedia - Book your flight now and save ₹2350!,2350
misc,Etsy,2024-03-11,41-13-11,Shop the Best Deals!,Etsy has unique handmade crafts for ₹4269!,4269
food_spending,Domino's,2024-10-08,41-13-11,Tasty Treats Await!,Zomato is offering 20% off on your next order!,4231
music_and_entertainment,Disney+,2024-09-01,41-13-11,"Stream More, Pay Less!",Spotify Premium now just ₹239/month!,239
health_and_fitness,Anytime Fitness,2024-03-24,41-13-11,"Fitness Goals, Made Easy!",Nike Training Club - Personalized workout plans!,893
travel,Skyscanner,2024-05-12,41-13-11,Your Next Adventure Awaits!,Airbnb special stays at just ₹2956 per night!,2956
home_and_living,Amazon,2024-10-20,41-13-11,Limited Time Home Deals!,Target has new arrivals! Get the best home essentials!,87
misc,AliExpress,2024-03-27,41-13-11,Shop the Best Deals!,eBay - Exclusive gadgets at just ₹4956!,4956
chill_trill,Escape Room,2024-12-03,41-13-11,Exciting Adventures Await!,Escape Room challenge - Enter for just ₹1832!,1832
beauty_and_apparel,H&M,2024-08-30,41-13-11,Fashion Trends You Need!,Zara exclusive sale - Fashion at unbeatable prices!,4763
misc,AliExpress,2024-10-07,41-13-11,Hidden Gems Just for You!,Best Buy deals - Save big on electronics!,3747
home_and_living,Amazon,2024-09-15,41-13-11,Limited Time Home Deals!,Amazon - Flat ₹779 off on furniture this week!,779
music_and_entertainment,Netflix,2024-07-07,41-13-11,Music & Movies Galore!,Disney+ streaming pass - Get ₹3663 off now!,3663
savings_and_investments,Wealthfront,2024-03-23,41-13-11,Smart Investing Starts Here!,Invest ₹1616 today and grow your wealth!,1616
education,Coursera,2024-07-15,41-13-11,Boost Your Skills!,Skillshare - Learn new skills with exciting discounts!,2561
home_and_living,IKEA,2024-10-15,41-13-11,Limited Time Home Deals!,Amazon - Flat ₹441 off on furniture this week!,441
savings_and_investments,Betterment,2024-10-04,41-13-11,Maximize Your Returns!,Robinhood - Start investing with zero commission!,656
home_and_living,Wayfair,2024-07-28,41-13-11,Limited Time Home Deals!,Wayfair flash sale - Upgrade your home decor!,2190
music_and_entertainment,Netflix,2024-02-01,41-13-11,Music & Movies Galore!,Disney+ streaming pass - Get ₹3245 off now!,3245
health_and_fitness,Gold's Gym,2024-03-27,41-13-11,Workout with the Best!,Peloton - Your fitness journey starts at ₹556!,556
education,edX,2024-10-27,41-13-11,Boost Your Skills!,Udemy - Enroll for ₹2481 only on top courses!,2481
food_spending,Domino's,2024-05-16,41-13-11,Order Now & Get Discounts!,McDonald's special deal - Get ₹3607 off on combos!,3607
music_and_entertainment,Disney+,2024-08-06,41-13-11,"Stream More, Pay Less!",Disney+ streaming pass - Get ₹758 off now!,758
savings_and_investments,Wealthfront,2024-10-06,41-13-11,Maximize Your Returns!,Invest ₹3616 today and grow your wealth!,3616
chill_trill,Universal Studios,2024-07-03,41-13-11,Experience Thrill!,Escape Room challenge - Enter for just ₹4532!,4532
home_and_living,Wayfair,2024-09-02,41-13-11,New Arrivals for Your Living Space!,Wayfair flash sale - Upgrade your home decor!,2529
travel,MakeMyTrip,2024-04-26,41-13-11,Exclusive Travel Offers!,Airbnb special stays at just ₹2847 per night!,2847
travel,Booking.com,2024-05-20,41-13-11,Your Next Adventure Awaits!,Expedia - Book your flight now and save ₹2317!,2317
misc,Best Buy,2024-07-23,41-13-11,Shop the Best Deals!,eBay - Exclusive gadgets at just ₹488!,488
education,Skillshare,2024-12-25,41-13-11,Enroll Now for Less!,Skillshare - Learn new skills with exciting discounts!,3027
health_and_fitness,Peloton,2024-04-08,41-13-11,"Stay Fit, Stay Healthy!",MyFitnessPal - Track your health & fitness effortlessly!,4465
travel,Skyscanner,2024-06-18,41-13-11,Exclusive Travel Offers!,MakeMyTrip offers 30% off on hotels this weekend!,2436
education,Coursera,2024-09-26,41-13-11,Enroll Now for Less!,Skillshare - Learn new skills with exciting discounts!,4088
education,Skillshare,2024-09-18,41-13-11,Exclusive Learning Discounts!,Skillshare - Learn new skills with exciting discounts!,3412
education,Udemy,2024-08-30,41-13-11,Enroll Now for Less!,Coursera premium access at ₹4160 for a limited time!,4160
food_spending,Zomato,2024-09-25,41-13-11,Tasty Treats Await!,Zomato is offering 20% off on your next order!,4320
misc,Newegg,2024-10-26,41-13-11,Unbelievable Finds!,eBay - Exclusive gadgets at just ₹2529!,2529
travel,Expedia,2024-03-19,41-13-11,Exclusive Travel Offers!,Expedia - Book your flight now and save ₹1865!,1865
beauty_and_apparel,Sephora,2024-03-08,41-13-11,Style Upgrade Awaits!,H&M clearance sale - Shop trendy outfits now!,3941
home_and_living,Walmart,2024-03-18,41-13-11,Limited Time Home Deals!,Wayfair flash sale - Upgrade your home decor!,2158
chill_trill,VR World,2024-09-28,41-13-11,Experience Thrill!,Disneyland - Exclusive family passes now available!,1313
health_and_fitness,Nike Training Club,2024-08-18,41-13-11,"Fitness Goals, Made Easy!",Peloton - Your fitness journey starts at ₹4720!,4720
savings_and_investments,Robinhood,2024-10-08,41-13-11,Maximize Your Returns!,Vanguard offers higher returns on your savings!,206
misc,eBay,2024-09-02,41-13-11,Shop the Best Deals!,Best Buy deals - Save big on electronics!,3324
savings_and_investments,Robinhood,2024-12-14,41-13-11,Grow Your Wealth!,Invest ₹3577 today and grow your wealth!,3577
education,Coursera,2024-03-23,41-13-11,Exclusive Learning Discounts!,Skillshare - Learn new skills with exciting discounts!,2031
beauty_and_apparel,Sephora,2024-03-14,41-13-11,Beauty Deals Inside!,H&M clearance sale - Shop trendy outfits now!,733
home_and_living,IKEA,2024-09-01,41-13-11,New Arrivals for Your Living Space!,Amazon - Flat ₹4432 off on furniture this week!,4432
travel,Skyscanner,2024-03-06,41-13-11,Your Next Adventure Awaits!,Airbnb special stays at just ₹3620 per night!,3620
misc,Newegg,2024-10-29,41-13-11,Unbelievable Finds!,Best Buy deals - Save big on electronics!,3818
health_and_fitness,Anytime Fitness,2024-03-29,41-13-11,Workout with the Best!,Peloton - Your fitness journey starts at ₹1584!,1584
food_spending,Domino's,2024-11-28,41-13-11,Delicious Deals Just for You!,McDonald's special deal - Get ₹2500 off on combos!,2500
chill_trill,Six Flags,2024-02-13,41-13-11,Experience Thrill!,Escape Room challenge - Enter for just ₹3172!,3172
misc,eBay,2024-10-29,41-13-11,Shop the Best Deals!,Best Buy deals - Save big on electronics!,3859
music_and_entertainment,Disney+,2024-08-19,41-13-11,Your Entertainment Hub!,Netflix binge-watch special at ₹1260 per month!,1260
music_and_entertainment,Disney+,2024-04-22,41-13-11,Music & Movies Galore!,Spotify Premium now just ₹1709/month!,1709
misc,Newegg,2024-09-26,41-13-11,Hidden Gems Just for You!,Best Buy deals - Save big on electronics!,4017
home_and_living,Target,2024-05-28,41-13-11,Upgrade Your Home!,Wayfair flash sale - Upgrade your home decor!,1786
misc,AliExpress,2024-02-29,41-13-11,Shop the Best Deals!,eBay - Exclusive gadgets at just ₹412!,412
chill_trill,Disneyland,2024-11-19,41-13-11,Exciting Adventures Await!,Escape Room challenge - Enter for just ₹253!,253
chill_trill,Escape Room,2024-08-11,41-13-11,Unleash the Fun!,Escape Room challenge - Enter for just ₹959!,959
beauty_and_apparel,Adidas,2024-07-02,41-13-11,Fashion Trends You Need!,Zara exclusive sale - Fashion at unbeatable prices!,3154
misc,Newegg,2024-06-20,41-13-11,Unbelievable Finds!,Etsy has unique handmade crafts for ₹1436!,1436
beauty_and_apparel,Nike,2024-02-03,41-13-11,Beauty Deals Inside!,Sephora - Get ₹2893 off on skincare today!,2893
food_spending,Domino's,2024-04-14,41-13-11,Tasty Treats Await!,McDonald's special deal - Get ₹3197 off on combos!,3197
beauty_and_apparel,Adidas,2024-07-14,41-13-11,Style Upgrade Awaits!,H&M clearance sale - Shop trendy outfits now!,1462
education,Coursera,2024-10-09,41-13-11,Enroll Now for Less!,Udemy - Enroll for ₹3670 only on top courses!,3670
travel,Skyscanner,2024-02-25,41-13-11,Your Next Adventure Awaits!,Airbnb special stays at just ₹3185 per night!,3185
travel,Skyscanner,2024-12-18,41-13-11,Exclusive Travel Offers!,MakeMyTrip offers 30% off on hotels this weekend!,914
home_and_living,Walmart,2024-07-21,41-13-11,Limited Time Home Deals!,Wayfair flash sale - Upgrade your home decor!,3649
food_spending,Swiggy,2024-12-31,41-13-11,Order Now & Get Discounts!,McDonald's special deal - Get ₹2934 off on combos!,2934
travel,Airbnb,2024-02-15,41-13-11,Your Next Adventure Awaits!,MakeMyTrip offers 30% off on hotels this weekend!,4240
chill_trill,Escape Room,2024-04-15,41-13-11,Experience Thrill!,Escape Room challenge - Enter for just ₹872!,872
food_spending,Domino's,2024-03-13,41-13-11,Delicious Deals Just for You!,McDonald's special deal - Get ₹3067 off on combos!,3067
food_spending,Swiggy,2024-11-16,41-13-11,Order Now & Get Discounts!,McDonald's special deal - Get ₹2191 off on combos!,2191
chill_trill,Escape Room,2024-07-17,41-13-11,Experience Thrill!,Disneyland - Exclusive family passes now available!,2120
travel,Skyscanner,2024-01-27,41-13-11,Your Next Adventure Awaits!,MakeMyTrip offers 30% off on hotels this weekend!,4889
health_and_fitness,Peloton,2024-10-29,41-13-11,"Stay Fit, Stay Healthy!",Peloton - Your fitness journey starts at ₹3565!,3565
misc,Etsy,2024-04-10,41-13-11,Hidden Gems Just for You!,Best Buy deals - Save big on electronics!,4167
music_and_entertainment,Apple Music,2025-01-01,41-13-11,"Stream More, Pay Less!",Netflix binge-watch special at ₹3659 per month!,3659
savings_and_investments,Fidelity,2025-01-14,41-13-11,Smart Investing Starts Here!,Invest ₹2539 today and grow your wealth!,2539
home_and_living,Amazon,2024-11-15,41-13-11,Upgrade Your Home!,Wayfair flash sale - Upgrade your home decor!,192
education,Coursera,2024-04-16,41-13-11,Exclusive Learning Discounts!,Skillshare - Learn new skills with exciting discounts!,4085
misc,eBay,2024-11-27,41-13-11,Hidden Gems Just for You!,Best Buy deals - Save big on electronics!,4621
beauty_and_apparel,Sephora,2024-10-02,41-13-11,Fashion Trends You Need!,Sephora - Get ₹868 off on skincare today!,868
food_spending,Swiggy,2024-02-22,41-13-11,Tasty Treats Await!,McDonald's special deal - Get ₹3489 off on combos!,3489
music_and_entertainment,Spotify,2024-12-20,41-13-11,Your Entertainment Hub!,Netflix binge-watch special at ₹2968 per month!,2968
health_and_fitness,Gold's Gym,2024-11-28,41-13-11,"Fitness Goals, Made Easy!",Peloton - Your fitness journey starts at ₹3533!,3533
travel,Airbnb,2024-03-23,41-13-11,Your Next Adventure Awaits!,Airbnb special stays at just ₹117 per night!,117
education,Khan Academy,2024-10-12,41-13-11,Exclusive Learning Discounts!,Skillshare - Learn new skills with exciting discounts!,155
chill_trill,VR World,2024-03-24,41-13-11,Experience Thrill!,Six Flags is offering unlimited rides at ₹3001!,3001
food_spending,Domino's,2024-11-24,41-13-11,Tasty Treats Await!,McDonald's special deal - Get ₹782 off on combos!,782
beauty_and_apparel,Sephora,2024-10-27,41-13-11,Fashion Trends You Need!,Zara exclusive sale - Fashion at unbeatable prices!,3550
beauty_and_apparel,Adidas,2024-08-05,41-13-11,Beauty Deals Inside!,H&M clearance sale - Shop trendy outfits now!,1019
savings_and_investments,Robinhood,2024-12-15,41-13-11,Grow Your Wealth!,Invest ₹258 today and grow your wealth!,258
home_and_living,Walmart,2024-06-07,41-13-11,New Arrivals for Your Living Space!,Wayfair flash sale - Upgrade your home decor!,3448
education,edX,2024-09-26,41-13-11,Enroll Now for Less!,Udemy - Enroll for ₹881 only on top courses!,881
music_and_entertainment,Apple Music,2024-11-08,41-13-11,"Stream More, Pay Less!",Spotify Premium now just ₹2159/month!,2159
health_and_fitness,Gold's Gym,2024-02-28,41-13-11,"Stay Fit, Stay Healthy!",Peloton - Your fitness journey starts at ₹1942!,1942
beauty_and_apparel,Nike,2024-11-30,41-13-11,Style Upgrade Awaits!,H&M clearance sale - Shop trendy outfits now!,1850
health_and_fitness,Peloton,2024-10-08,41-13-11,Workout with the Best!,Nike Training Club - Personalized workout plans!,458
savings_and_investments,Betterment,2024-10-15,41-13-11,Smart Investing Starts Here!,Vanguard offers higher returns on your savings!,1935
travel,Skyscanner,2024-02-08,41-13-11,Fly at Unbeatable Prices!,Airbnb special stays at just ₹2549 per night!,2549
misc,Best Buy,2024-12-12,41-13-11,Shop the Best Deals!,Etsy has unique handmade crafts for ₹3334!,3334
savings_and_investments,Robinhood,2024-07-02,41-13-11,Maximize Your Returns!,Invest ₹1657 today and grow your wealth!,1657
travel,Airbnb,2024-05-16,41-13-11,Fly at Unbeatable Prices!,Expedia - Book your flight now and save ₹4785!,4785
education,edX,2024-04-08,41-13-11,Boost Your Skills!,Skillshare - Learn new skills with exciting discounts!,4579
music_and_entertainment,Apple Music,2024-12-19,41-13-11,Music & Movies Galore!,Disney+ streaming pass - Get ₹1800 off now!,1800
health_and_fitness,Anytime Fitness,2025-01-11,41-13-11,Workout with the Best!,Nike Training Club - Personalized workout plans!,2531
misc,Best Buy,2024-10-17,41-13-11,Unbelievable Finds!,eBay - Exclusive gadgets at just ₹2547!,2547
travel,Booking.com,2024-08-09,41-13-11,Your Next Adventure Awaits!,Expedia - Book your flight now and save ₹3698!,3698
misc,Etsy,2024-05-08,41-13-11,Shop the Best Deals!,Etsy has unique handmade crafts for ₹931!,931
education,Skillshare,2024-08-24,41-13-11,Exclusive Learning Discounts!,Udemy - Enroll for ₹1328 only on top courses!,1328
chill_trill,Six Flags,2024-01-20,41-13-11,Experience Thrill!,Escape Room challenge - Enter for just ₹4926!,4926
health_and_fitness,Anytime Fitness,2024-10-25,41-13-11,"Stay Fit, Stay Healthy!",Nike Training Club - Personalized workout plans!,2111
education,edX,2024-02-22,41-13-11,Exclusive Learning Discounts!,Skillshare - Learn new skills with exciting discounts!,2838
home_and_living,Amazon,2024-11-06,41-13-11,Upgrade Your Home!,Target has new arrivals! Get the best home essentials!,2841
education,Udemy,2024-09-09,41-13-11,Enroll Now for Less!,Coursera premium access at ₹4559 for a limited time!,4559
food_spending,Swiggy,2024-12-02,41-13-11,Order Now & Get Discounts!,Your Swiggy order for ₹391 has been delivered!,391
home_and_living,Amazon,2024-12-28,41-13-11,Limited Time Home Deals!,Amazon - Flat ₹4380 off on furniture this week!,4380
education,Khan Academy,2024-10-27,41-13-11,Exclusive Learning Discounts!,Skillshare - Learn new skills with exciting discounts!,739
misc,eBay,2024-01-24,41-13-11,Hidden Gems Just for You!,eBay - Exclusive gadgets at just ₹4977!,4977
music_and_entertainment,Netflix,2024-01-28,41-13-11,"Stream More, Pay Less!",Disney+ streaming pass - Get ₹2057 off now!,2057
food_spending,Uber Eats,2024-06-03,41-13-11,Order Now & Get Discounts!,Your Swiggy order for ₹4713 has been delivered!,4713
chill_trill,Six Flags,2024-08-05,41-13-11,Experience Thrill!,Escape Room challenge - Enter for just ₹1100!,1100
home_and_living,Target,2024-05-12,41-13-11,Limited Time Home Deals!,Amazon - Flat ₹2254 off on furniture this week!,2254
beauty_and_apparel,H&M,2024-05-25,41-13-11,Style Upgrade Awaits!,Sephora - Get ₹765 off on skincare today!,765
education,edX,2024-04-22,41-13-11,Boost Your Skills!,Coursera premium access at ₹4733 for a limited time!,4733
food_spending,Zomato,2024-07-02,41-13-11,Order Now & Get Discounts!,Your Swiggy order for ₹2586 has been delivered!,2586
education,Udemy,2024-08-17,41-13-11,Enroll Now for Less!,Skillshare - Learn new skills with exciting discounts!,2014
savings_and_investments,Wealthfront,2024-11-01,41-13-11,Maximize Your Returns!,Vanguard offers higher returns on your savings!,4669
home_and_living,Amazon,2024-05-30,41-13-11,Upgrade Your Home!,Target has new arrivals! Get the best home essentials!,2049
misc,Best Buy,2024-03-06,41-13-11,Unbelievable Finds!,Etsy has unique handmade crafts for ₹152!,152
education,Khan Academy,2024-07-10,41-13-11,Boost Your Skills!,Skillshare - Learn new skills with exciting discounts!,1560
misc,Etsy,2024-09-09,41-13-11,Hidden Gems Just for You!,Etsy has unique handmade crafts for ₹3220!,3220
travel,MakeMyTrip,2024-11-15,41-13-11,Fly at Unbeatable Prices!,Expedia - Book your flight now and save ₹2868!,2868
home_and_living,Walmart,2024-11-27,41-13-11,Upgrade Your Home!,Target has new arrivals! Get the best home essentials!,2741
home_and_living,Walmart,2024-02-01,41-13-11,New Arrivals for Your Living Space!,Target has new arrivals! Get the best home essentials!,3203
chill_trill,Universal Studios,2024-11-01,41-13-11,Exciting Adventures Await!,Disneyland - Exclusive family passes now available!,3789
health_and_fitness,Anytime Fitness,2024-04-26,41-13-11,Workout with the Best!,Nike Training Club - Personalized workout plans!,1735
beauty_and_apparel,Adidas,2024-05-27,41-13-11,Beauty Deals Inside!,Sephora - Get ₹1948 off on skincare today!,1948
beauty_and_apparel,H&M,2024-05-05,41-13-11,Fashion Trends You Need!,H&M clearance sale - Shop trendy outfits now!,695
food_spending,Uber Eats,2024-03-20,41-13-11,Order Now & Get Discounts!,McDonald's special deal - Get ₹3469 off on combos!,3469
savings_and_investments,Wealthfront,2024-04-14,41-13-11,Maximize Your Returns!,Robinhood - Start investing with zero commission!,3107
home_and_living,IKEA,2024-07-06,41-13-11,New Arrivals for Your Living Space!,Wayfair flash sale - Upgrade your home decor!,3907
health_and_fitness,Anytime Fitness,2024-06-29,41-13-11,"Stay Fit, Stay Healthy!",MyFitnessPal - Track your health & fitness effortlessly!,2657
education,Khan Academy,2024-07-25,41-13-11,Exclusive Learning Discounts!,Skillshare - Learn new skills with exciting discounts!,1324
savings_and_investments,Betterment,2024-05-02,41-13-11,Smart Investing Starts Here!,Invest ₹1880 today and grow your wealth!,1880
home_and_living,Wayfair,2024-09-24,41-13-11,Upgrade Your Home!,Wayfair flash sale - Upgrade your home decor!,2879
education,Skillshare,2024-10-22,41-13-11,Enroll Now for Less!,Skillshare - Learn new skills with exciting discounts!,1777
home_and_living,IKEA,2024-10-15,41-13-11,Limited Time Home Deals!,Wayfair flash sale - Upgrade your home decor!,2232
beauty_and_apparel,Zara,2024-04-28,41-13-11,Fashion Trends You Need!,Sephora - Get ₹1872 off on skincare today!,1872
beauty_and_apparel,Zara,2024-04-18,41-13-11,Style Upgrade Awaits!,H&M clearance sale - Shop trendy outfits now!,3534
music_and_entertainment,Disney+,2024-10-08,41-13-11,Music & Movies Galore!,Disney+ streaming pass - Get ₹3736 off now!,3736
food_spending,Zomato,2024-08-30,41-13-11,Tasty Treats Await!,McDonald's special deal - Get ₹4249 off on combos!,4249
home_and_living,Amazon,2024-04-12,41-13-11,New Arrivals for Your Living Space!,Target has new arrivals! Get the best home essentials!,2980
music_and_entertainment,Disney+,2024-09-18,41-13-11,Music & Movies Galore!,Spotify Premium now just ₹4546/month!,4546
misc,Etsy,2024-05-14,41-13-11,Unbelievable Finds!,Best Buy deals - Save big on electronics!,2361
health_and_fitness,Anytime Fitness,2025-01-02,41-13-11,"Fitness Goals, Made Easy!",Peloton - Your fitness journey starts at ₹3154!,3154
beauty_and_apparel,Zara,2024-02-04,41-13-11,Fashion Trends You Need!,Zara exclusive sale - Fashion at unbeatable prices!,1887
music_and_entertainment,Spotify,2024-08-29,41-13-11,"Stream More, Pay Less!",Disney+ streaming pass - Get ₹4685 off now!,4685
home_and_living,IKEA,2024-08-28,41-13-11,New Arrivals for Your Living Space!,Amazon - Flat ₹4787 off on furniture this week!,4787
beauty_and_apparel,Zara,2024-10-11,41-13-11,Beauty Deals Inside!,Sephora - Get ₹2136 off on skincare today!,2136
food_spending,Domino's,2024-09-04,41-13-11,Order Now & Get Discounts!,Zomato is offering 20% off on your next order!,1111
music_and_entertainment,Spotify,2024-06-30,41-13-11,"Stream More, Pay Less!",Disney+ streaming pass - Get ₹2950 off now!,2950
savings_and_investments,Wealthfront,2024-09-04,41-13-11,Smart Investing Starts Here!,Vanguard offers higher returns on your savings!,318
travel,Airbnb,2024-01-25,41-13-11,Fly at Unbeatable Prices!,MakeMyTrip offers 30% off on hotels this weekend!,3044
home_and_living,Amazon,2024-07-04,41-13-11,Upgrade Your Home!,Wayfair flash sale - Upgrade your home decor!,1011
food_spending,Uber Eats,2024-12-05,41-13-11,Delicious Deals Just for You!,Zomato is offering 20% off on your next order!,507
home_and_living,Amazon,2024-01-28,41-13-11,New Arrivals for Your Living Space!,Target has new arrivals! Get the best home essentials!,2721
music_and_entertainment,Apple Music,2024-11-09,41-13-11,"Stream More, Pay Less!",Netflix binge-watch special at ₹2155 per month!,2155
beauty_and_apparel,Nike,2024-08-28,41-13-11,Beauty Deals Inside!,H&M clearance sale - Shop trendy outfits now!,2719
savings_and_investments,Vanguard,2024-11-27,41-13-11,Smart Investing Starts Here!,Robinhood - Start investing with zero commission!,3455
education,edX,2024-02-15,41-13-11,Boost Your Skills!,Udemy - Enroll for ₹1563 only on top courses!,1563
misc,AliExpress,2024-10-06,41-13-11,Hidden Gems Just for You!,Best Buy deals - Save big on electronics!,3502
travel,Expedia,2024-02-17,41-13-11,Fly at Unbeatable Prices!,MakeMyTrip offers 30% off on hotels this weekend!,779
travel,Expedia,2025-01-15,41-13-11,Your Next Adventure Awaits!,Airbnb special stays at just ₹3809 per night!,3809
food_spending,Uber Eats,2024-12-03,41-13-11,Delicious Deals Just for You!,Your Swiggy order for ₹4514 has been delivered!,4514
chill_trill,Six Flags,2024-09-18,41-13-11,Experience Thrill!,Disneyland - Exclusive family passes now available!,2973
chill_trill,VR World,2024-05-13,41-13-11,Unleash the Fun!,Disneyland - Exclusive family passes now available!,4658
beauty_and_apparel,Zara,2024-07-19,41-13-11,Beauty Deals Inside!,H&M clearance sale - Shop trendy outfits now!,2133
beauty_and_apparel,H&M,2024-03-11,41-13-11,Style Upgrade Awaits!,Zara exclusive sale - Fashion at unbeatable prices!,2302
beauty_and_apparel,H&M,2024-04-27,41-13-11,Fashion Trends You Need!,Sephora - Get ₹1877 off on skincare today!,1877
savings_and_investments,Betterment,2024-12-20,41-13-11,Smart Investing Starts Here!,Robinhood - Start investing with zero commission!,2912
health_and_fitness,Anytime Fitness,2024-06-26,41-13-11,"Stay Fit, Stay Healthy!",MyFitnessPal - Track your health & fitness effortlessly!,926
home_and_living,Target,2024-11-02,41-13-11,New Arrivals for Your Living Space!,Target has new arrivals! Get the best home essentials!,3962
home_and_living,IKEA,2024-05-27,41-13-11,Upgrade Your Home!,Target has new arrivals! Get the best home essentials!,2244
music_and_entertainment,Disney+,2024-11-13,41-13-11,Music & Movies Galore!,Netflix binge-watch special at ₹4076 per month!,4076
misc,Etsy,2024-10-29,41-13-11,Unbelievable Finds!,Etsy has unique handmade crafts for ₹288!,288
savings_and_investments,Robinhood,2024-03-31,41-13-11,Grow Your Wealth!,Robinhood - Start investing with zero commission!,1565
education,Udemy,2024-03-24,41-13-11,Enroll Now for Less!,Coursera premium access at ₹1552 for a limited time!,1552
education,Coursera,2024-09-17,41-13-11,Boost Your Skills!,Skillshare - Learn new skills with exciting discounts!,1964
savings_and_investments,Betterment,2024-05-29,41-13-11,Grow Your Wealth!,Robinhood - Start investing with zero commission!,1178
home_and_living,IKEA,2024-05-25,41-13-11,New Arrivals for Your Living Space!,Wayfair flash sale - Upgrade your home decor!,330
travel,Expedia,2024-01-22,41-13-11,Your Next Adventure Awaits!,Airbnb special stays at just ₹2267 per night!,2267
music_and_entertainment,Apple Music,2024-07-23,41-13-11,Music & Movies Galore!,Disney+ streaming pass - Get ₹4227 off now!,4227
music_and_entertainment,Netflix,2024-11-25,41-13-11,Music & Movies Galore!,Netflix binge-watch special at ₹2149 per month!,2149
travel,MakeMyTrip,2024-12-17,41-13-11,Your Next Adventure Awaits!,Expedia - Book your flight now and save ₹1416!,1416
misc,eBay,2025-01-05,41-13-11,Shop the Best Deals!,eBay - Exclusive gadgets at just ₹4171!,4171
beauty_and_apparel,Sephora,2024-04-01,41-13-11,Beauty Deals Inside!,Sephora - Get ₹2443 off on skincare today!,2443
health_and_fitness,MyFitnessPal,2024-06-02,41-13-11,Workout with the Best!,Peloton - Your fitness journey starts at ₹2279!,2279
health_and_fitness,Peloton,2024-11-13,41-13-11,"Stay Fit, Stay Healthy!",Nike Training Club - Personalized workout plans!,1503
music_and_entertainment,Disney+,2024-03-03,41-13-11,"Stream More, Pay Less!",Netflix binge-watch special at ₹593 per month!,593
misc,Newegg,2024-10-30,41-13-11,Hidden Gems Just for You!,Best Buy deals - Save big on electronics!,4512
travel,Skyscanner,2024-09-25,41-13-11,Exclusive Travel Offers!,Expedia - Book your flight now and save ₹3284!,3284
home_and_living,Target,2025-01-14,41-13-11,Upgrade Your Home!,Target has new arrivals! Get the best home essentials!,4793
chill_trill,Universal Studios,2024-06-13,41-13-11,Unleash the Fun!,Disneyland - Exclusive family passes now available!,952
health_and_fitness,MyFitnessPal,2024-05-23,41-13-11,"Stay Fit, Stay Healthy!",Nike Training Club - Personalized workout plans!,1138
health_and_fitness,Peloton,2024-02-07,41-13-11,"Stay Fit, Stay Healthy!",Peloton - Your fitness journey starts at ₹2809!,2809
education,Khan Academy,2024-12-05,41-13-11,Exclusive Learning Discounts!,Skillshare - Learn new skills with exciting discounts!,3218
beauty_and_apparel,Zara,2024-11-08,41-13-11,Style Upgrade Awaits!,Zara exclusive sale - Fashion at unbeatable prices!,4121
travel,Booking.com,2024-09-18,41-13-11,Exclusive Travel Offers!,Expedia - Book your flight now and save ₹2318!,2318
food_spending,Uber Eats,2024-04-05,41-13-11,Delicious Deals Just for You!,Zomato is offering 20% off on your next order!,730
home_and_living,Wayfair,2024-01-20,41-13-11,New Arrivals for Your Living Space!,Target has new arrivals! Get the best home essentials!,2022
food_spending,McDonald's,2024-02-03,41-13-11,Delicious Deals Just for You!,Your Swiggy order for ₹1730 has been delivered!,1730
travel,Booking.com,2024-10-16,41-13-11,Exclusive Travel Offers!,Expedia - Book your flight now and save ₹1637!,1637
health_and_fitness,Anytime Fitness,2025-01-14,41-13-11,Workout with the Best!,MyFitnessPal - Track your health & fitness effortlessly!,706
chill_trill,VR World,2024-03-10,41-13-11,Experience Thrill!,Six Flags is offering unlimited rides at ₹685!,685
misc,Best Buy,2024-10-13,41-13-11,Hidden Gems Just for You!,Etsy has unique handmade crafts for ₹2536!,2536
savings_and_investments,Vanguard,2024-03-09,41-13-11,Grow Your Wealth!,Robinhood - Start investing with zero commission!,1022
misc,Newegg,2024-11-03,41-13-11,Unbelievable Finds!,Etsy has unique handmade crafts for ₹4475!,4475
travel,Airbnb,2024-07-28,41-13-11,Fly at Unbeatable Prices!,MakeMyTrip offers 30% off on hotels this weekend!,4695
health_and_fitness,MyFitnessPal,2024-11-06,41-13-11,"Fitness Goals, Made Easy!",Nike Training Club - Personalized workout plans!,1981
savings_and_investments,Fidelity,2024-04-10,41-13-11,Smart Investing Starts Here!,Vanguard offers higher returns on your savings!,2541
health_and_fitness,Nike Training Club,2024-04-25,41-13-11,"Fitness Goals, Made Easy!",MyFitnessPal - Track your health & fitness effortlessly!,1917
chill_trill,Universal Studios,2024-03-27,41-13-11,Experience Thrill!,Disneyland - Exclusive family passes now available!,70
chill_trill,Six Flags,2024-01-21,41-13-11,Experience Thrill!,Six Flags is offering unlimited rides at ₹4010!,4010
home_and_living,Walmart,2024-12-01,41-13-11,New Arrivals for Your Living Space!,Wayfair flash sale - Upgrade your home decor!,2121
misc,AliExpress,2024-05-29,41-13-11,Hidden Gems Just for You!,Best Buy deals - Save big on electronics!,3941
education,Coursera,2024-02-27,41-13-11,Enroll Now for Less!,Skillshare - Learn new skills with exciting discounts!,713
education,edX,2024-12-17,41-13-11,Enroll Now for Less!,Coursera premium access at ₹1612 for a limited time!,1612
home_and_living,Walmart,2024-04-25,41-13-11,Upgrade Your Home!,Amazon - Flat ₹2148 off on furniture this week!,2148
home_and_living,Target,2024-11-18,41-13-11,Limited Time Home Deals!,Target has new arrivals! Get the best home essentials!,325
music_and_entertainment,Netflix,2024-07-17,41-13-11,Music & Movies Galore!,Spotify Premium now just ₹4855/month!,4855
food_spending,Zomato,2024-06-28,41-13-11,Delicious Deals Just for You!,McDonald's special deal - Get ₹1471 off on combos!,1471
chill_trill,Universal Studios,2024-10-26,41-13-11,Experience Thrill!,Disneyland - Exclusive family passes now available!,1333
misc,Best Buy,2024-10-03,41-13-11,Shop the Best Deals!,eBay - Exclusive gadgets at just ₹556!,556
music_and_entertainment,Apple Music,2024-02-07,41-13-11,"Stream More, Pay Less!",Netflix binge-watch special at ₹322 per month!,322
music_and_entertainment,Netflix,2024-09-02,41-13-11,Your Entertainment Hub!,Spotify Premium now just ₹1803/month!,1803
travel,MakeMyTrip,2024-12-03,41-13-11,Your Next Adventure Awaits!,Expedia - Book your flight now and save ₹3448!,3448
misc,Newegg,2024-04-30,41-13-11,Shop the Best Deals!,eBay - Exclusive gadgets at just ₹2531!,2531
music_and_entertainment,Amazon Prime,2024-12-01,41-13-11,Your Entertainment Hub!,Netflix binge-watch special at ₹3822 per month!,3822
food_spending,Swiggy,2024-05-20,41-13-11,Order Now & Get Discounts!,Your Swiggy order for ₹288 has been delivered!,288
travel,Booking.com,2024-05-22,41-13-11,Your Next Adventure Awaits!,Airbnb special stays at just ₹3607 per night!,3607
music_and_entertainment,Amazon Prime,2024-09-18,41-13-11,Your Entertainment Hub!,Spotify Premium now just ₹905/month!,905
travel,Expedia,2024-02-29,41-13-11,Fly at Unbeatable Prices!,Expedia - Book your flight now and save ₹2795!,2795
music_and_entertainment,Spotify,2024-02-06,41-13-11,Your Entertainment Hub!,Netflix binge-watch special at ₹4019 per month!,4019
chill_trill,Six Flags,2025-01-02,41-13-11,Experience Thrill!,Disneyland - Exclusive family passes now available!,986
savings_and_investments,Fidelity,2024-03-13,41-13-11,Grow Your Wealth!,Robinhood - Start investing with zero commission!,3733
beauty_and_apparel,Nike,2024-03-23,41-13-11,Beauty Deals Inside!,H&M clearance sale - Shop trendy outfits now!,3104
beauty_and_apparel,Zara,2024-06-19,41-13-11,Beauty Deals Inside!,Sephora - Get ₹3176 off on skincare today!,3176
home_and_living,Walmart,2025-01-02,41-13-11,Limited Time Home Deals!,Target has new arrivals! Get the best home essentials!,171
chill_trill,Escape Room,2024-04-06,41-13-11,Exciting Adventures Await!,Six Flags is offering unlimited rides at ₹4792!,4792
misc,eBay,2024-06-10,41-13-11,Unbelievable Finds!,Best Buy deals - Save big on electronics!,2543
music_and_entertainment,Disney+,2024-04-26,41-13-11,"Stream More, Pay Less!",Disney+ streaming pass - Get ₹1497 off now!,1497
chill_trill,VR World,2024-05-28,41-13-11,Unleash the Fun!,Escape Room challenge - Enter for just ₹2376!,2376
education,Udemy,2024-05-22,41-13-11,Enroll Now for Less!,Skillshare - Learn new skills with exciting discounts!,3630
education,Khan Academy,2024-09-08,41-13-11,Exclusive Learning Discounts!,Skillshare - Learn new skills with exciting discounts!,4949
music_and_entertainment,Netflix,2024-12-04,41-13-11,"Stream More, Pay Less!",Disney+ streaming pass - Get ₹519 off now!,519
food_spending,McDonald's,2024-05-03,41-13-11,Order Now & Get Discounts!,McDonald's special deal - Get ₹1426 off on combos!,1426
misc,eBay,2024-09-22,41-13-11,Hidden Gems Just for You!,Etsy has unique handmade crafts for ₹2228!,2228
chill_trill,Escape Room,2024-05-13,41-13-11,Unleash the Fun!,Escape Room challenge - Enter for just ₹3369!,3369
chill_trill,Six Flags,2024-02-04,41-13-11,Experience Thrill!,Escape Room challenge - Enter for just ₹2334!,2334
savings_and_investments,Vanguard,2024-08-04,41-13-11,Grow Your Wealth!,Vanguard offers higher returns on your savings!,570
music_and_entertainment,Disney+,2025-01-01,41-13-11,Your Entertainment Hub!,Disney+ streaming pass - Get ₹2710 off now!,2710
chill_trill,Universal Studios,2024-02-04,41-13-11,Exciting Adventures Await!,Six Flags is offering unlimited rides at ₹2667!,2667
beauty_and_apparel,Nike,2024-05-30,41-13-11,Fashion Trends You Need!,H&M clearance sale - Shop trendy outfits now!,348
food_spending,Swiggy,2024-11-30,41-13-11,Tasty Treats Await!,McDonald's special deal - Get ₹3440 off on combos!,3440
education,Khan Academy,2024-06-09,41-13-11,Enroll Now for Less!,Udemy - Enroll for ₹3144 only on top courses!,3144
travel,Booking.com,2024-08-28,41-13-11,Exclusive Travel Offers!,Expedia - Book your flight now and save ₹450!,450
chill_trill,Escape Room,2024-06-17,41-13-11,Experience Thrill!,Disneyland - Exclusive family passes now available!,108
savings_and_investments,Betterment,2024-10-29,41-13-11,Smart Investing Starts Here!,Vanguard offers higher returns on your savings!,289
home_and_living,IKEA,2024-09-20,41-13-11,New Arrivals for Your Living Space!,Wayfair flash sale - Upgrade your home decor!,574
savings_and_investments,Robinhood,2024-08-27,41-13-11,Maximize Your Returns!,Vanguard offers higher returns on your savings!,4130
beauty_and_apparel,H&M,2024-07-26,41-13-11,Fashion Trends You Need!,H&M clearance sale - Shop trendy outfits now!,2881
misc,Best Buy,2024-09-25,41-13-11,Hidden Gems Just for You!,eBay - Exclusive gadgets at just ₹1277!,1277
travel,Expedia,2024-12-09,41-13-11,Exclusive Travel Offers!,Airbnb special stays at just ₹2090 per night!,2090
home_and_living,Target,2024-05-01,41-13-11,Upgrade Your Home!,Wayfair flash sale - Upgrade your home decor!,1426
health_and_fitness,Anytime Fitness,2024-05-01,41-13-11,Workout with the Best!,Nike Training Club - Personalized workout plans!,4283
savings_and_investments,Wealthfront,2025-01-03,41-13-11,Smart Investing Starts Here!,Vanguard offers higher returns on your savings!,746
music_and_entertainment,Amazon Prime,2024-05-04,41-13-11,Your Entertainment Hub!,Netflix binge-watch special at ₹3062 per month!,3062
chill_trill,VR World,2024-07-17,41-13-11,Exciting Adventures Await!,Disneyland - Exclusive family passes now available!,3273
music_and_entertainment,Netflix,2024-07-10,41-13-11,"Stream More, Pay Less!",Netflix binge-watch special at ₹4235 per month!,4235
misc,Etsy,2024-07-02,41-13-11,Hidden Gems Just for You!,Best Buy deals - Save big on electronics!,2751
music_and_entertainment,Netflix,2024-08-09,41-13-11,Your Entertainment Hub!,Spotify Premium now just ₹3075/month!,3075
travel,Booking.com,2024-02-24,41-13-11,Exclusive Travel Offers!,Expedia - Book your flight now and save ₹2890!,2890
home_and_living,IKEA,2024-09-16,41-13-11,New Arrivals for Your Living Space!,Target has new arrivals! Get the best home essentials!,246
beauty_and_apparel,Adidas,2024-07-12,41-13-11,Beauty Deals Inside!,Sephora - Get ₹615 off on skincare today!,615
travel,Expedia,2025-01-08,41-13-11,Exclusive Travel Offers!,Airbnb special stays at just ₹670 per night!,670
home_and_living,Walmart,2024-06-25,41-13-11,Limited Time Home Deals!,Target has new arrivals! Get the best home essentials!,1735
food_spending,Domino's,2024-05-01,41-13-11,Delicious Deals Just for You!,McDonald's special deal - Get ₹1882 off on combos!,1882
food_spending,Uber Eats,2025-01-09,41-13-11,Delicious Deals Just for You!,McDonald's special deal - Get ₹3077 off on combos!,3077
music_and_entertainment,Apple Music,2024-03-31,41-13-11,Your Entertainment Hub!,Disney+ streaming pass - Get ₹4232 off now!,4232
health_and_fitness,MyFitnessPal,2024-10-08,41-13-11,"Fitness Goals, Made Easy!",Peloton - Your fitness journey starts at ₹2182!,2182
beauty_and_apparel,Nike,2024-02-12,41-13-11,Fashion Trends You Need!,Sephora - Get ₹1139 off on skincare today!,1139
music_and_entertainment,Apple Music,2024-03-16,41-13-11,Music & Movies Galore!,Spotify Premium now just ₹3296/month!,3296
music_and_entertainment,Spotify,2024-02-15,41-13-11,Music & Movies Galore!,Netflix binge-watch special at ₹229 per month!,229
music_and_entertainment,Spotify,2024-02-16,41-13-11,"Stream More, Pay Less!",Netflix binge-watch special at ₹1184 per month!,1184
savings_and_investments,Robinhood,2024-05-01,41-13-11,Smart Investing Starts Here!,Invest ₹507 today and grow your wealth!,507
food_spending,Swiggy,2024-05-30,41-13-11,Order Now & Get Discounts!,McDonald's special deal - Get ₹800 off on combos!,800
beauty_and_apparel,Nike,2024-12-15,41-13-11,Fashion Trends You Need!,Zara exclusive sale - Fashion at unbeatable prices!,4073
beauty_and_apparel,Zara,2024-03-17,41-13-11,Style Upgrade Awaits!,H&M clearance sale - Shop trendy outfits now!,4008
health_and_fitness,Gold's Gym,2024-10-09,41-13-11,"Stay Fit, Stay Healthy!",MyFitnessPal - Track your health & fitness effortlessly!,1297
beauty_and_apparel,Nike,2024-12-12,41-13-11,Beauty Deals Inside!,Sephora - Get ₹1062 off on skincare today!,1062
chill_trill,Universal Studios,2024-09-30,41-13-11,Exciting Adventures Await!,Disneyland - Exclusive family passes now available!,399
education,Khan Academy,2024-06-24,41-13-11,Boost Your Skills!,Udemy - Enroll for ₹2227 only on top courses!,2227
food_spending,Swiggy,2024-08-09,41-13-11,Delicious Deals Just for You!,McDonald's special deal - Get ₹4579 off on combos!,4579
home_and_living,Amazon,2024-07-29,41-13-11,New Arrivals for Your Living Space!,Amazon - Flat ₹4752 off on furniture this week!,4752
education,Skillshare,2024-03-16,41-13-11,Boost Your Skills!,Udemy - Enroll for ₹2038 only on top courses!,2038
music_and_entertainment,Apple Music,2024-02-25,41-13-11,Music & Movies Galore!,Disney+ streaming pass - Get ₹3668 off now!,3668
chill_trill,Disneyland,2024-11-26,41-13-11,Unleash the Fun!,Six Flags is offering unlimited rides at ₹4226!,4226
savings_and_investments,Vanguard,2024-04-19,41-13-11,Grow Your Wealth!,Vanguard offers higher returns on your savings!,1824
travel,Skyscanner,2024-05-19,41-13-11,Fly at Unbeatable Prices!,MakeMyTrip offers 30% off on hotels this weekend!,1225
music_and_entertainment,Apple Music,2024-12-21,41-13-11,"Stream More, Pay Less!",Spotify Premium now just ₹4444/month!,4444
music_and_entertainment,Amazon Prime,2024-06-08,41-13-11,Music & Movies Galore!,Disney+ streaming pass - Get ₹1812 off now!,1812
chill_trill,Universal Studios,2024-05-16,41-13-11,Exciting Adventures Await!,Escape Room challenge - Enter for just ₹1139!,1139
chill_trill,Universal Studios,2024-12-22,41-13-11,Exciting Adventures Await!,Escape Room challenge - Enter for just ₹3818!,3818
food_spending,Zomato,2024-07-18,41-13-11,Order Now & Get Discounts!,McDonald's special deal - Get ₹1519 off on combos!,1519
misc,Best Buy,2025-01-15,41-13-11,Unbelievable Finds!,Etsy has unique handmade crafts for ₹4603!,4603
education,Coursera,2024-11-17,41-13-11,Boost Your Skills!,Skillshare - Learn new skills with exciting discounts!,4985
travel,MakeMyTrip,2024-10-01,41-13-11,Fly at Unbeatable Prices!,MakeMyTrip offers 30% off on hotels this weekend!,4990
music_and_entertainment,Apple Music,2024-08-05,41-13-11,Music & Movies Galore!,Spotify Premium now just ₹1672/month!,1672
beauty_and_apparel,Zara,2024-05-14,41-13-11,Beauty Deals Inside!,Sephora - Get ₹735 off on skincare today!,735
music_and_entertainment,Spotify,2024-04-18,41-13-11,Your Entertainment Hub!,Netflix binge-watch special at ₹4449 per month!,4449
education,Khan Academy,2024-03-05,41-13-11,Exclusive Learning Discounts!,Coursera premium access at ₹1063 for a limited time!,1063
health_and_fitness,Anytime Fitness,2024-08-28,41-13-11,"Fitness Goals, Made Easy!",Nike Training Club - Personalized workout plans!,4769
food_spending,Domino's,2024-07-22,41-13-11,Delicious Deals Just for You!,Zomato is offering 20% off on your next order!,3654
savings_and_investments,Fidelity,2024-07-19,41-13-11,Grow Your Wealth!,Invest ₹1511 today and grow your wealth!,1511
chill_trill,Escape Room,2024-06-09,41-13-11,Unleash the Fun!,Disneyland - Exclusive family passes now available!,2732
chill_trill,Disneyland,2024-08-25,41-13-11,Exciting Adventures Await!,Six Flags is offering unlimited rides at ₹3069!,3069
savings_and_investments,Robinhood,2024-10-04,41-13-11,Smart Investing Starts Here!,Invest ₹2967 today and grow your wealth!,2967
food_spending,Domino's,2024-12-07,41-13-11,Tasty Treats Await!,Zomato is offering 20% off on your next order!,260
home_and_living,Target,2024-11-09,41-13-11,Upgrade Your Home!,Amazon - Flat ₹1782 off on furniture this week!,1782
travel,Booking.com,2024-08-07,41-13-11,Your Next Adventure Awaits!,MakeMyTrip offers 30% off on hotels this weekend!,3485
beauty_and_apparel,Adidas,2024-05-07,41-13-11,Style Upgrade Awaits!,H&M clearance sale - Shop trendy outfits now!,106
music_and_entertainment,Amazon Prime,2024-04-13,41-13-11,"Stream More, Pay Less!",Disney+ streaming pass - Get ₹4403 off now!,4403
beauty_and_apparel,Sephora,2024-06-11,41-13-11,Style Upgrade Awaits!,H&M clearance sale - Shop trendy outfits now!,4710
travel,Airbnb,2024-06-04,41-13-11,Fly at Unbeatable Prices!,Expedia - Book your flight now and save ₹2300!,2300
education,edX,2024-02-03,41-13-11,Boost Your Skills!,Coursera premium access at ₹2539 for a limited time!,2539
food_spending,Swiggy,2024-05-11,41-13-11,Order Now & Get Discounts!,McDonald's special deal - Get ₹4210 off on combos!,4210
travel,Airbnb,2024-06-06,41-13-11,Exclusive Travel Offers!,Expedia - Book your flight now and save ₹3023!,3023
travel,Expedia,2024-10-26,41-13-11,Fly at Unbeatable Prices!,Expedia - Book your flight now and save ₹1806!,1806
food_spending,Uber Eats,2024-10-14,41-13-11,Order Now & Get Discounts!,McDonald's special deal - Get ₹1287 off on combos!,1287
education,Skillshare,2024-07-11,41-13-11,Exclusive Learning Discounts!,Coursera premium access at ₹4408 for a limited time!,4408
food_spending,Swiggy,2024-05-31,41-13-11,Order Now & Get Discounts!,Your Swiggy order for ₹826 has been delivered!,826
health_and_fitness,Peloton,2024-05-18,41-13-11,"Stay Fit, Stay Healthy!",MyFitnessPal - Track your health & fitness effortlessly!,4455
beauty_and_apparel,Adidas,2024-04-21,41-13-11,Style Upgrade Awaits!,H&M clearance sale - Shop trendy outfits now!,1886
education,Udemy,2024-07-06,41-13-11,Boost Your Skills!,Skillshare - Learn new skills with exciting discounts!,2393
music_and_entertainment,Netflix,2024-12-02,41-13-11,Your Entertainment Hub!,Disney+ streaming pass - Get ₹3595 off now!,3595
savings_and_investments,Fidelity,2024-10-26,41-13-11,Grow Your Wealth!,Invest ₹97 today and grow your wealth!,97
beauty_and_apparel,Adidas,2024-04-06,41-13-11,Style Upgrade Awaits!,Zara exclusive sale - Fashion at unbeatable prices!,1271
music_and_entertainment,Amazon Prime,2024-04-07,41-13-11,"Stream More, Pay Less!",Netflix binge-watch special at ₹3252 per month!,3252
savings_and_investments,Betterment,2024-03-07,41-13-11,Smart Investing Starts Here!,Robinhood - Start investing with zero commission!,739
misc,Best Buy,2024-11-03,41-13-11,Shop the Best Deals!,Best Buy deals - Save big on electronics!,2847
education,Skillshare,2024-09-27,41-13-11,Exclusive Learning Discounts!,Coursera premium access at ₹794 for a limited time!,794
beauty_and_apparel,Sephora,2024-11-21,41-13-11,Fashion Trends You Need!,Zara exclusive sale - Fashion at unbeatable prices!,1270
chill_trill,VR World,2024-02-27,41-13-11,Experience Thrill!,Disneyland - Exclusive family passes now available!,2429
education,Udemy,2024-10-20,41-13-11,Enroll Now for Less!,Skillshare - Learn new skills with exciting discounts!,4278
food_spending,Uber Eats,2024-04-04,41-13-11,Tasty Treats Await!,Your Swiggy order for ₹1112 has been delivered!,1112
health_and_fitness,Nike Training Club,2024-06-14,41-13-11,Workout with the Best!,MyFitnessPal - Track your health & fitness effortlessly!,3922
home_and_living,Wayfair,2024-11-21,41-13-11,New Arrivals for Your Living Space!,Wayfair flash sale - Upgrade your home decor!,3332
music_and_entertainment,Netflix,2024-12-31,41-13-11,Your Entertainment Hub!,Netflix binge-watch special at ₹2939 per month!,2939
health_and_fitness,Nike Training Club,2024-04-02,41-13-11,"Stay Fit, Stay Healthy!",Peloton - Your fitness journey starts at ₹2945!,2945
music_and_entertainment,Apple Music,2024-11-04,41-13-11,Your Entertainment Hub!,Netflix binge-watch special at ₹3020 per month!,3020
food_spending,Uber Eats,2024-12-19,41-13-11,Tasty Treats Await!,McDonald's special deal - Get ₹2483 off on combos!,2483
chill_trill,Escape Room,2024-07-04,41-13-11,Experience Thrill!,Six Flags is offering unlimited rides at ₹1203!,1203
chill_trill,Escape Room,2024-03-30,41-13-11,Exciting Adventures Await!,Disneyland - Exclusive family passes now available!,1765
misc,Etsy,2024-08-22,41-13-11,Hidden Gems Just for You!,eBay - Exclusive gadgets at just ₹1913!,1913
food_spending,Uber Eats,2024-06-03,41-13-11,Tasty Treats Await!,Your Swiggy order for ₹3084 has been delivered!,3084
beauty_and_apparel,Sephora,2024-10-07,41-13-11,Style Upgrade Awaits!,H&M clearance sale - Shop trendy outfits now!,4365
chill_trill,Universal Studios,2024-09-24,41-13-11,Experience Thrill!,Six Flags is offering unlimited rides at ₹4424!,4424
chill_trill,VR World,2024-11-25,41-13-11,Experience Thrill!,Disneyland - Exclusive family passes now available!,3721
education,edX,2024-02-07,41-13-11,Exclusive Learning Discounts!,Skillshare - Learn new skills with exciting discounts!,427
misc,Newegg,2024-11-28,41-13-11,Shop the Best Deals!,eBay - Exclusive gadgets at just ₹4034!,4034
music_and_entertainment,Netflix,2024-06-30,41-13-11,Your Entertainment Hub!,Disney+ streaming pass - Get ₹3496 off now!,3496
savings_and_investments,Wealthfront,2024-03-22,41-13-11,Smart Investing Starts Here!,Vanguard offers higher returns on your savings!,2924
education,Khan Academy,2024-11-09,41-13-11,Exclusive Learning Discounts!,Coursera premium access at ₹4148 for a limited time!,4148
travel,MakeMyTrip,2024-11-12,41-13-11,Your Next Adventure Awaits!,MakeMyTrip offers 30% off on hotels this weekend!,993
education,edX,2024-03-06,41-13-11,Boost Your Skills!,Coursera premium access at ₹212 for a limited time!,212
music_and_entertainment,Amazon Prime,2024-06-28,41-13-11,Your Entertainment Hub!,Netflix binge-watch special at ₹4451 per month!,4451
home_and_living,IKEA,2024-09-12,41-13-11,New Arrivals for Your Living Space!,Target has new arrivals! Get the best home essentials!,2554
health_and_fitness,Peloton,2024-07-01,41-13-11,"Stay Fit, Stay Healthy!",Peloton - Your fitness journey starts at ₹4576!,4576
chill_trill,Disneyland,2025-01-01,41-13-11,Experience Thrill!,Disneyland - Exclusive family passes now available!,2145
home_and_living,Target,2024-10-09,41-13-11,Limited Time Home Deals!,Target has new arrivals! Get the best home essentials!,3468
misc,eBay,2024-01-18,41-13-11,Hidden Gems Just for You!,eBay - Exclusive gadgets at just ₹265!,265
beauty_and_apparel,Adidas,2024-07-13,41-13-11,Fashion Trends You Need!,Zara exclusive sale - Fashion at unbeatable prices!,2721
chill_trill,Six Flags,2024-10-09,41-13-11,Experience Thrill!,Disneyland - Exclusive family passes now available!,3018
food_spending,Zomato,2024-08-08,41-13-11,Tasty Treats Await!,Zomato is offering 20% off on your next order!,787
misc,Best Buy,2024-11-06,41-13-11,Unbelievable Finds!,eBay - Exclusive gadgets at just ₹2985!,2985
travel,Skyscanner,2024-03-17,41-13-11,Fly at Unbeatable Prices!,Expedia - Book your flight now and save ₹4713!,4713
misc,Etsy,2024-06-12,41-13-11,Hidden Gems Just for You!,eBay - Exclusive gadgets at just ₹2019!,2019
education,Udemy,2024-01-30,41-13-11,Exclusive Learning Discounts!,Skillshare - Learn new skills with exciting discounts!,761
travel,MakeMyTrip,2024-03-13,41-13-11,Exclusive Travel Offers!,MakeMyTrip offers 30% off on hotels this weekend!,1974
beauty_and_apparel,Nike,2024-12-10,41-13-11,Style Upgrade Awaits!,Sephora - Get ₹4450 off on skincare today!,4450
savings_and_investments,Betterment,2024-08-12,41-13-11,Maximize Your Returns!,Vanguard offers higher returns on your savings!,1669
travel,Skyscanner,2024-03-16,41-13-11,Fly at Unbeatable Prices!,Expedia - Book your flight now and save ₹3008!,3008
education,Skillshare,2024-04-09,41-13-11,Enroll Now for Less!,Coursera premium access at ₹3469 for a limited time!,3469
music_and_entertainment,Amazon Prime,2024-08-01,41-13-11,Music & Movies Galore!,Disney+ streaming pass - Get ₹2475 off now!,2475
health_and_fitness,MyFitnessPal,2024-12-29,41-13-11,"Fitness Goals, Made Easy!",Nike Training Club - Personalized workout plans!,3543
travel,Expedia,2024-07-27,41-13-11,Fly at Unbeatable Prices!,Airbnb special stays at just ₹3996 per night!,3996
chill_trill,Disneyland,2024-07-23,41-13-11,Experience Thrill!,Disneyland - Exclusive family passes now available!,4708
food_spending,McDonald's,2024-03-25,41-13-11,Tasty Treats Await!,Zomato is offering 20% off on your next order!,2241
music_and_entertainment,Spotify,2024-09-27,41-13-11,Your Entertainment Hub!,Spotify Premium now just ₹4713/month!,4713
education,Coursera,2024-09-12,41-13-11,Boost Your Skills!,Skillshare - Learn new skills with exciting discounts!,2563
beauty_and_apparel,Adidas,2024-07-02,41-13-11,Style Upgrade Awaits!,Sephora - Get ₹3210 off on skincare today!,3210
education,Skillshare,2024-04-05,41-13-11,Boost Your Skills!,Skillshare - Learn new skills with exciting discounts!,3610
food_spending,McDonald's,2024-03-17,41-13-11,Order Now & Get Discounts!,Zomato is offering 20% off on your next order!,4404
misc,Newegg,2024-12-07,41-13-11,Hidden Gems Just for You!,Etsy has unique handmade crafts for ₹1507!,1507
music_and_entertainment,Disney+,2024-09-07,41-13-11,Music & Movies Galore!,Spotify Premium now just ₹3639/month!,3639
health_and_fitness,MyFitnessPal,2024-03-18,41-13-11,"Stay Fit, Stay Healthy!",MyFitnessPal - Track your health & fitness effortlessly!,3222
travel,Skyscanner,2024-10-04,41-13-11,Fly at Unbeatable Prices!,MakeMyTrip offers 30% off on hotels this weekend!,3935
health_and_fitness,Peloton,2024-10-17,41-13-11,"Fitness Goals, Made Easy!",Peloton - Your fitness journey starts at ₹3857!,3857
health_and_fitness,Nike Training Club,2024-12-26,41-13-11,"Stay Fit, Stay Healthy!",MyFitnessPal - Track your health & fitness effortlessly!,270
savings_and_investments,Robinhood,2024-03-15,41-13-11,Maximize Your Returns!,Robinhood - Start investing with zero commission!,1083
misc,Etsy,2024-09-27,41-13-11,Shop the Best Deals!,Best Buy deals - Save big on electronics!,952
music_and_entertainment,Amazon Prime,2024-09-27,41-13-11,Music & Movies Galore!,Disney+ streaming pass - Get ₹493 off now!,493
music_and_entertainment,Netflix,2025-01-15,41-13-11,Music & Movies Galore!,Netflix binge-watch special at ₹2660 per month!,2660
beauty_and_apparel,Nike,2024-05-26,41-13-11,Beauty Deals Inside!,Zara exclusive sale - Fashion at unbeatable prices!,3845
chill_trill,VR World,2024-08-29,41-13-11,Unleash the Fun!,Escape Room challenge - Enter for just ₹4192!,4192
chill_trill,Six Flags,2024-03-04,41-13-11,Unleash the Fun!,Disneyland - Exclusive family passes now available!,2901
beauty_and_apparel,Adidas,2024-06-08,41-13-11,Style Upgrade Awaits!,Zara exclusive sale - Fashion at unbeatable prices!,1815
savings_and_investments,Betterment,2024-03-17,41-13-11,Smart Investing Starts Here!,Invest ₹4343 today and grow your wealth!,4343
travel,Booking.com,2024-08-08,41-13-11,Fly at Unbeatable Prices!,Expedia - Book your flight now and save ₹57!,57
food_spending,Uber Eats,2024-05-09,41-13-11,Order Now & Get Discounts!,Zomato is offering 20% off on your next order!,2793
home_and_living,Target,2024-03-19,41-13-11,New Arrivals for Your Living Space!,Target has new arrivals! Get the best home essentials!,580
home_and_living,Wayfair,2024-02-28,41-13-11,Upgrade Your Home!,Amazon - Flat ₹3099 off on furniture this week!,3099
beauty_and_apparel,Nike,2024-06-24,41-13-11,Style Upgrade Awaits!,Sephora - Get ₹1503 off on skincare today!,1503
food_spending,Zomato,2024-06-30,41-13-11,Tasty Treats Await!,McDonald's special deal - Get ₹2419 off on combos!,2419
savings_and_investments,Betterment,2024-12-27,41-13-11,Smart Investing Starts Here!,Robinhood - Start investing with zero commission!,2734
education,Coursera,2024-07-13,41-13-11,Enroll Now for Less!,Coursera premium access at ₹3169 for a limited time!,3169
health_and_fitness,Peloton,2024-03-18,41-13-11,"Fitness Goals, Made Easy!",MyFitnessPal - Track your health & fitness effortlessly!,1280
home_and_living,Wayfair,2024-03-21,41-13-11,Limited Time Home Deals!,Target has new arrivals! Get the best home essentials!,843
misc,Newegg,2024-07-19,41-13-11,Hidden Gems Just for You!,Best Buy deals - Save big on electronics!,4797
misc,Newegg,2024-03-05,41-13-11,Hidden Gems Just for You!,eBay - Exclusive gadgets at just ₹2207!,2207
chill_trill,Universal Studios,2024-05-01,41-13-11,Exciting Adventures Await!,Six Flags is offering unlimited rides at ₹4507!,4507
travel,Booking.com,2024-02-20,41-13-11,Your Next Adventure Awaits!,Expedia - Book your flight now and save ₹1062!,1062
travel,Airbnb,2025-01-14,41-13-11,Your Next Adventure Awaits!,MakeMyTrip offers 30% off on hotels this weekend!,2908
misc,Newegg,2024-08-15,41-13-11,Hidden Gems Just for You!,Etsy has unique handmade crafts for ₹3893!,3893
health_and_fitness,Anytime Fitness,2024-07-02,41-13-11,"Stay Fit, Stay Healthy!",Nike Training Club - Personalized workout plans!,1945
food_spending,Zomato,2024-10-23,41-13-11,Tasty Treats Await!,Zomato is offering 20% off on your next order!,902
chill_trill,Escape Room,2024-12-19,41-13-11,Exciting Adventures Await!,Six Flags is offering unlimited rides at ₹4546!,4546
health_and_fitness,Peloton,2024-10-25,41-13-11,"Stay Fit, Stay Healthy!",Nike Training Club - Personalized workout plans!,380
home_and_living,Amazon,2024-10-28,41-13-11,Limited Time Home Deals!,Wayfair flash sale - Upgrade your home decor!,2105
home_and_living,Wayfair,2024-03-25,41-13-11,Limited Time Home Deals!,Wayfair flash sale - Upgrade your home decor!,1249
health_and_fitness,Nike Training Club,2024-08-12,41-13-11,Workout with the Best!,Nike Training Club - Personalized workout plans!,4693
home_and_living,Amazon,2024-06-25,41-13-11,New Arrivals for Your Living Space!,Target has new arrivals! Get the best home essentials!,2105
savings_and_investments,Vanguard,2024-09-29,41-13-11,Smart Investing Starts Here!,Invest ₹3287 today and grow your wealth!,3287
misc,Newegg,2024-05-07,41-13-11,Hidden Gems Just for You!,Best Buy deals - Save big on electronics!,3782
beauty_and_apparel,Sephora,2025-01-15,41-13-11,Beauty Deals Inside!,Zara exclusive sale - Fashion at unbeatable prices!,703
education,Coursera,2024-11-26,41-13-11,Enroll Now for Less!,Coursera premium access at ₹4296 for a limited time!,4296
home_and_living,Wayfair,2024-03-16,41-13-11,Limited Time Home Deals!,Wayfair flash sale - Upgrade your home decor!,703
home_and_living,Amazon,2024-03-26,41-13-11,New Arrivals for Your Living Space!,Wayfair flash sale - Upgrade your home decor!,4655
food_spending,Uber Eats,2025-01-01,41-13-11,Order Now & Get Discounts!,McDonald's special deal - Get ₹2549 off on combos!,2549
travel,Skyscanner,2024-06-02,41-13-11,Exclusive Travel Offers!,MakeMyTrip offers 30% off on hotels this weekend!,906
home_and_living,Wayfair,2024-05-20,41-13-11,Upgrade Your Home!,Amazon - Flat ₹4797 off on furniture this week!,4797
home_and_living,Amazon,2024-12-16,41-13-11,Limited Time Home Deals!,Amazon - Flat ₹63 off on furniture this week!,63
food_spending,Uber Eats,2024-07-23,41-13-11,Order Now & Get Discounts!,Zomato is offering 20% off on your next order!,3508
education,Udemy,2024-10-07,41-13-11,Boost Your Skills!,Coursera premium access at ₹4449 for a limited time!,4449
home_and_living,Amazon,2024-08-15,41-13-11,Upgrade Your Home!,Target has new arrivals! Get the best home essentials!,2803
food_spending,Zomato,2024-06-25,41-13-11,Delicious Deals Just for You!,Your Swiggy order for ₹2800 has been delivered!,2800
